depth,nodes,branching_factor
0,1,0
1,1,1
2,1,1
3,1,1
4,1,1
5,2,2
6,2,1
7,4,2
8,4,1
9,6,1.5
10,6,1
11,8,1.33333
12,10,1.25
13,14,1.4
14,18,1.28571
15,24,1.33333
16,29,1.20833
17,36,1.24138
18,44,1.22222
19,58,1.31818
20,72,1.24138
21,91,1.26389
22,113,1.24176
23,143,1.26549
24,179,1.25175
25,227,1.26816
26,287,1.26432
27,366,1.27526
28,460,1.25683
29,578,1.25652
30,732,1.26644
