depth,nodes,branching_factor,pruned_branches
0,1,0,0
1,1,1,0
2,1,1,0
3,1,1,0
4,1,1,0
5,2,2,0
6,2,1,0
7,4,2,0
8,4,1,0
9,6,1.5,0
10,6,1,0
11,8,1.33333,0
12,10,1.25,0
13,14,1.4,0
14,18,1.28571,0
15,24,1.33333,0
16,29,1.20833,0
17,36,1.24138,0
18,44,1.22222,0
19,58,1.31818,0
20,72,1.24138,0
21,91,1.26389,0
22,113,1.24176,0
23,143,1.26549,0
24,179,1.25175,0
25,227,1.26816,0
26,287,1.26432,0
27,366,1.27526,0
28,460,1.25683,0
29,578,1.25652,0
30,732,1.26644,0
